{
  "method": "Lane Marking Temporal Frequency (Method 5)",
  "description": "Detects lane dashes crossing a fixed horizontal scan-line over time. Japan expressway lane markings have regulated dimensions (cycle lengths of 6 m, 9 m, or 12 m). Speed is computed as cycle_length / dash_interval. Requires NO camera calibration.",
  "video_fps": 11.026515997789353,
  "video_duration_seconds": 30.19992897727273,
  "scan_y_ratio": 0.8,
  "sample_interval_seconds": 0.3,
  "total_samples": 101,
  "rising_edges": 10,
  "intervals_seconds": [
    0.6000000000000001,
    0.6000000000000001,
    0.5999999999999996,
    2.7,
    1.4999999999999991,
    1.8000000000000007,
    0.9000000000000004,
    1.1999999999999993,
    1.5
  ],
  "statistics": {
    "mean_interval_s": 1.2666666666666666,
    "median_interval_s": 1.1999999999999993,
    "std_interval_s": 0.6599663291074443,
    "min_interval_s": 0.5999999999999996,
    "max_interval_s": 2.7
  },
  "speed_estimates_kmh": {
    "standard_6m_cycle": {
      "description": "Urban expressway / approach road (2+4=6 m)",
      "cycle_m": 6.0,
      "mean_speed_kmh": 17.05263157894737,
      "median_speed_kmh": 18.00000000000001
    },
    "standard_9m_cycle": {
      "description": "Some national roads (3+6=9 m)",
      "cycle_m": 9.0,
      "mean_speed_kmh": 25.578947368421055,
      "median_speed_kmh": 27.000000000000018
    },
    "standard_12m_cycle": {
      "description": "Intercity expressway (6+6=12 m)",
      "cycle_m": 12.0,
      "mean_speed_kmh": 34.10526315789474,
      "median_speed_kmh": 36.00000000000002
    }
  }
}